Participted in Experiential Learning,Population Type
Yes,Math and Sciences
Yes,Math and Sciences
Yes,Math and Sciences
Yes,Math and Sciences
Yes,Math and Sciences
Yes,Math and Sciences
Yes,Math and Sciences
Yes,Math and Sciences
No,Math and Sciences
Yes,Math and Sciences
Yes,Math and Sciences
Yes,Math and Sciences
Yes,Math and Sciences
Yes,Math and Sciences
Yes,Math and Sciences
No,Math and Sciences
Yes,Math and Sciences
Yes,Math and Sciences
Yes,Math and Sciences
Yes,Math and Sciences
Yes,Math and Sciences
Yes,Math and Sciences
Yes,Math and Sciences
No,Math and Sciences
Yes,Math and Sciences
Yes,Math and Sciences
Yes,Math and Sciences
No,Math and Sciences
Yes,Math and Sciences
Yes,Math and Sciences
Yes,Math and Sciences
Yes,Math and Sciences
Yes,Math and Sciences
No,Math and Sciences
Yes,Math and Sciences
No,Math and Sciences
Yes,Math and Sciences
Yes,Math and Sciences
Yes,Math and Sciences
Yes,Math and Sciences
No,Math and Sciences
Yes,Math and Sciences
Yes,Math and Sciences
No,Math and Sciences
Yes,Math and Sciences
No,Math and Sciences
Yes,Math and Sciences
Yes,Math and Sciences
Yes,Math and Sciences
Yes,Math and Sciences
Yes,Math and Sciences
Yes,Math and Sciences
Yes,Math and Sciences
Yes,Math and Sciences
No,Math and Sciences
No,Math and Sciences
No,Math and Sciences
No,Math and Sciences
Yes,Math and Sciences
Yes,Math and Sciences
Yes,Math and Sciences
No,Math and Sciences
No,Math and Sciences
No,Math and Sciences
Yes,Math and Sciences
Yes,Math and Sciences
No,Math and Sciences
No,Math and Sciences
No,Math and Sciences
Yes,Math and Sciences
No,Math and Sciences
No,Math and Sciences
Yes,Math and Sciences
Yes,Math and Sciences
No,Math and Sciences
Yes,Math and Sciences
Yes,Math and Sciences
No,Math and Sciences
Yes,Math and Sciences
Yes,Math and Sciences
Yes,Math and Sciences
No,Math and Sciences
Yes,Math and Sciences
No,Math and Sciences
Yes,Math and Sciences
Yes,Math and Sciences
Yes,Math and Sciences
No,Math and Sciences
Yes,Math and Sciences
Yes,Math and Sciences
Yes,Math and Sciences
Yes,Math and Sciences
Yes,Math and Sciences
Yes,Math and Sciences
Yes,Math and Sciences
Yes,Math and Sciences
Yes,Math and Sciences
Yes,Math and Sciences
No,Math and Sciences
Yes,Math and Sciences
No,Math and Sciences
No,Math and Sciences
Yes,Math and Sciences
No,Math and Sciences
Yes,Math and Sciences
Yes,Math and Sciences
Yes,Math and Sciences
Yes,Math and Sciences
Yes,Math and Sciences
No,Math and Sciences
No,Math and Sciences
No,Math and Sciences
Yes,Math and Sciences
Yes,Math and Sciences
Yes,Math and Sciences
Yes,Math and Sciences
Yes,Math and Sciences
No,Math and Sciences
Yes,Math and Sciences
No,Math and Sciences
Yes,Math and Sciences
No,Math and Sciences
Yes,Math and Sciences
Yes,Math and Sciences
Yes,Math and Sciences
Yes,Math and Sciences
Yes,Math and Sciences
No,Math and Sciences
No,Math and Sciences
No,Math and Sciences
Yes,Math and Sciences
Yes,Math and Sciences
No,Math and Sciences
Yes,Math and Sciences
Yes,Math and Sciences
No,Math and Sciences
No,Math and Sciences
Yes,Math and Sciences
Yes,Math and Sciences
No,Math and Sciences
No,Math and Sciences
Yes,Math and Sciences
Yes,Math and Sciences
Yes,Math and Sciences
Yes,Math and Sciences
Yes,Math and Sciences
Yes,Math and Sciences
Yes,Math and Sciences
No,Math and Sciences
No,Math and Sciences
Yes,Math and Sciences
Yes,Math and Sciences
No,Math and Sciences
Yes,Math and Sciences
Yes,Math and Sciences
Yes,Math and Sciences
Yes,Math and Sciences
Yes,Math and Sciences
Yes,Math and Sciences
No,Math and Sciences
No,Math and Sciences
Yes,Math and Sciences
Yes,Math and Sciences
Yes,Math and Sciences
Yes,Math and Sciences
Yes,Math and Sciences
No,Math and Sciences
No,Math and Sciences
Yes,Math and Sciences
Yes,Math and Sciences
Yes,Math and Sciences
Yes,Math and Sciences
Yes,Math and Sciences
Yes,Math and Sciences
No,Math and Sciences
No,Math and Sciences
Yes,Math and Sciences
Yes,Math and Sciences
Yes,Math and Sciences
Yes,Math and Sciences
Yes,Math and Sciences
Yes,Math and Sciences
Yes,Math and Sciences
Yes,Math and Sciences
Yes,Math and Sciences
Yes,Math and Sciences
Yes,Math and Sciences
Yes,Math and Sciences
No,Math and Sciences
Yes,Math and Sciences
Yes,Math and Sciences
Yes,Math and Sciences
Yes,Math and Sciences
Yes,Math and Sciences
Yes,Math and Sciences
Yes,Math and Sciences
No,Math and Sciences
No,Math and Sciences
Yes,Math and Sciences
Yes,Math and Sciences
Yes,Math and Sciences
No,Math and Sciences
Yes,Math and Sciences
Yes,Math and Sciences
Yes,Math and Sciences
Yes,Math and Sciences
Yes,Math and Sciences
Yes,Math and Sciences
Yes,Math and Sciences
No,Math and Sciences
No,Math and Sciences
No,Math and Sciences
Yes,Math and Sciences
Yes,Math and Sciences
No,Math and Sciences
No,Math and Sciences
No,Math and Sciences
Yes,Math and Sciences
Yes,Math and Sciences
Yes,Math and Sciences
No,Math and Sciences
No,Math and Sciences
Yes,Math and Sciences
Yes,Math and Sciences
Yes,Math and Sciences
No,Math and Sciences
Yes,Math and Sciences
Yes,Math and Sciences
No,Math and Sciences
Yes,Math and Sciences
No,Math and Sciences
No,Math and Sciences
Yes,Math and Sciences
Yes,Math and Sciences
Yes,Math and Sciences
No,Math and Sciences
Yes,Math and Sciences
Yes,Math and Sciences
Yes,Math and Sciences
Yes,Math and Sciences
No,Math and Sciences
Yes,Math and Sciences
Yes,Math and Sciences
Yes,Math and Sciences
Yes,Math and Sciences
No,Math and Sciences
Yes,Math and Sciences
No,Math and Sciences
No,Math and Sciences
No,Math and Sciences
Yes,Math and Sciences
No,Math and Sciences
Yes,Math and Sciences
Yes,Math and Sciences
Yes,Math and Sciences
Yes,Math and Sciences
Yes,Math and Sciences
Yes,Math and Sciences
Yes,Math and Sciences
Yes,Math and Sciences
Yes,Math and Sciences
Yes,Math and Sciences
No,Math and Sciences
Yes,Math and Sciences
Yes,Math and Sciences
Yes,Math and Sciences
Yes,Math and Sciences
Yes,Math and Sciences
Yes,Math and Sciences
Yes,Math and Sciences
Yes,Math and Sciences
Yes,Math and Sciences
No,Math and Sciences
Yes,Math and Sciences
No,Math and Sciences
No,Math and Sciences
Yes,Math and Sciences
Yes,Math and Sciences
No,Math and Sciences
Yes,Math and Sciences
Yes,Math and Sciences
Yes,Math and Sciences
No,Math and Sciences
Yes,Math and Sciences
Yes,Math and Sciences
No,Math and Sciences
No,Math and Sciences
No,Math and Sciences
Yes,Math and Sciences
Yes,Math and Sciences
No,Math and Sciences
Yes,Math and Sciences
No,Math and Sciences
Yes,Math and Sciences
Yes,Math and Sciences
No,Math and Sciences
No,Math and Sciences
Yes,Math and Sciences
No,Math and Sciences
Yes,Math and Sciences
No,Math and Sciences
No,Math and Sciences
Yes,Math and Sciences
No,Math and Sciences
No,Math and Sciences
No,Math and Sciences
Yes,Math and Sciences
No,Math and Sciences
No,Math and Sciences
No,Math and Sciences
No,Math and Sciences
Yes,Math and Sciences
Yes,Math and Sciences
Yes,Math and Sciences
Yes,Math and Sciences
Yes,Math and Sciences
Yes,Math and Sciences
Yes,Math and Sciences
Yes,Math and Sciences
Yes,Math and Sciences
Yes,Math and Sciences
Yes,Math and Sciences
Yes,Math and Sciences
Yes,Math and Sciences
Yes,Math and Sciences
Yes,Math and Sciences
Yes,Math and Sciences
Yes,Math and Sciences
Yes,Math and Sciences
Yes,Math and Sciences
Yes,Math and Sciences
Yes,Math and Sciences
Yes,Math and Sciences
Yes,Math and Sciences
Yes,Math and Sciences
Yes,Math and Sciences
Yes,Math and Sciences
Yes,Math and Sciences
Yes,Math and Sciences
Yes,Math and Sciences
Yes,Math and Sciences
Yes,Math and Sciences
Yes,Math and Sciences
Yes,Math and Sciences
Yes,Math and Sciences
Yes,Math and Sciences
Yes,Math and Sciences
Yes,Math and Sciences
Yes,Math and Sciences
Yes,Math and Sciences
Yes,Math and Sciences
Yes,Math and Sciences
No,Math and Sciences
No,Math and Sciences
Yes,Math and Sciences
No,Math and Sciences
Yes,Math and Sciences
Yes,Math and Sciences
Yes,Math and Sciences
No,Math and Sciences
Yes,Math and Sciences
Yes,Math and Sciences
No,Math and Sciences
Yes,Math and Sciences
No,Math and Sciences
No,Math and Sciences
Yes,Math and Sciences
No,Math and Sciences
Yes,Math and Sciences
Yes,Math and Sciences
No,Math and Sciences
No,Math and Sciences
Yes,Math and Sciences
No,Math and Sciences
No,Math and Sciences
No,Math and Sciences
No,Math and Sciences
Yes,Math and Sciences
Yes,Math and Sciences
Yes,Math and Sciences
No,Math and Sciences
Yes,Math and Sciences
Yes,Math and Sciences
Yes,Math and Sciences
No,Math and Sciences
Yes,Math and Sciences
No,Math and Sciences
No,Math and Sciences
No,Math and Sciences
Yes,Math and Sciences
No,Math and Sciences
No,Math and Sciences
No,Math and Sciences
Yes,Math and Sciences
No,Math and Sciences
Yes,Math and Sciences
No,Math and Sciences
No,Math and Sciences
No,Math and Sciences
Yes,Math and Sciences
No,Math and Sciences
No,Math and Sciences
Yes,Math and Sciences
No,Math and Sciences
No,Math and Sciences
No,Math and Sciences
No,Math and Sciences
No,Math and Sciences
Yes,Math and Sciences
No,Math and Sciences
No,Math and Sciences
No,Math and Sciences
Yes,Math and Sciences
Yes,Math and Sciences
Yes,Math and Sciences
Yes,Math and Sciences
Yes,Math and Sciences
Yes,Math and Sciences
Yes,Math and Sciences
Yes,Math and Sciences
Yes,Math and Sciences
Yes,Math and Sciences
Yes,Math and Sciences
Yes,Math and Sciences
Yes,Math and Sciences
Yes,Math and Sciences
Yes,Math and Sciences
Yes,Math and Sciences
Yes,Math and Sciences
Yes,Math and Sciences
Yes,Math and Sciences
Yes,Math and Sciences
Yes,Math and Sciences
Yes,Math and Sciences
Yes,Math and Sciences
Yes,Math and Sciences
Yes,Math and Sciences
Yes,Math and Sciences
Yes,Math and Sciences
Yes,Math and Sciences
Yes,Math and Sciences
Yes,Math and Sciences
Yes,Math and Sciences
Yes,Math and Sciences
Yes,Math and Sciences
Yes,Math and Sciences
Yes,Math and Sciences
Yes,Math and Sciences
Yes,Math and Sciences
Yes,Math and Sciences
Yes,Math and Sciences
Yes,Math and Sciences
Yes,Math and Sciences
Yes,Math and Sciences
No,Math and Sciences
No,Math and Sciences
No,Math and Sciences
No,Math and Sciences
Yes,Math and Sciences
No,Math and Sciences
No,Math and Sciences
No,Math and Sciences
No,Math and Sciences
No,Math and Sciences
Yes,Math and Sciences
No,Math and Sciences
No,Math and Sciences
No,Math and Sciences
No,Math and Sciences
Yes,Math and Sciences
Yes,Math and Sciences
No,Math and Sciences
No,Math and Sciences
No,Math and Sciences
No,Math and Sciences
No,Math and Sciences
No,Math and Sciences
No,Math and Sciences
No,Math and Sciences
No,Math and Sciences
No,Math and Sciences
Yes,Math and Sciences
Yes,Math and Sciences
No,Math and Sciences
No,Math and Sciences
No,Math and Sciences
No,Math and Sciences
Yes,Math and Sciences
Yes,Math and Sciences
No,Math and Sciences
No,Math and Sciences
No,Math and Sciences
Yes,Math and Sciences
Yes,Math and Sciences
Yes,Math and Sciences
No,Math and Sciences
No,Math and Sciences
No,Math and Sciences
Yes,Math and Sciences
No,Math and Sciences
No,Math and Sciences
No,Math and Sciences
No,Math and Sciences
No,Math and Sciences
Yes,Math and Sciences
Yes,Math and Sciences
No,Math and Sciences
No,Math and Sciences
No,Math and Sciences
No,Math and Sciences
No,Math and Sciences
No,Math and Sciences
No,Math and Sciences
No,Math and Sciences
Yes,Math and Sciences
Yes,Math and Sciences
No,Math and Sciences
Yes,Math and Sciences
No,Math and Sciences
Yes,Math and Sciences
Yes,Math and Sciences
No,Math and Sciences
Yes,Math and Sciences
No,Math and Sciences
No,Math and Sciences
Yes,Math and Sciences
Yes,Math and Sciences
Yes,Math and Sciences
Yes,Math and Sciences
No,Math and Sciences
Yes,Math and Sciences
No,Math and Sciences
Yes,Math and Sciences
Yes,Math and Sciences
No,Math and Sciences
No,Math and Sciences
Yes,Math and Sciences
No,Math and Sciences
No,Math and Sciences
Yes,Math and Sciences
No,Math and Sciences
No,Math and Sciences
Yes,Math and Sciences
No,Math and Sciences
No,Math and Sciences
Yes,Math and Sciences
No,Math and Sciences
No,Math and Sciences
No,Math and Sciences
Yes,Math and Sciences
No,Math and Sciences
Yes,Math and Sciences
No,Math and Sciences
No,Math and Sciences
No,Math and Sciences
No,Math and Sciences
Yes,Math and Sciences
Yes,Math and Sciences
Yes,Math and Sciences
No,Math and Sciences
No,Math and Sciences
No,Math and Sciences
No,Math and Sciences
No,Math and Sciences
Yes,Math and Sciences
No,Math and Sciences
No,Math and Sciences
No,Math and Sciences
Yes,Math and Sciences
No,Math and Sciences
Yes,Math and Sciences
No,Math and Sciences
No,Math and Sciences
No,Math and Sciences
No,Math and Sciences
No,Math and Sciences
No,Math and Sciences
No,Math and Sciences
No,Math and Sciences
No,Math and Sciences
No,Math and Sciences
No,Math and Sciences
No,Math and Sciences
No,Math and Sciences
Yes,Math and Sciences
No,Math and Sciences
No,Math and Sciences
Yes,Math and Sciences
Yes,Math and Sciences
No,Math and Sciences
No,Math and Sciences
Yes,Math and Sciences
No,Math and Sciences
No,Math and Sciences
Yes,Humanities & Soc Science
No,Humanities & Soc Science
Yes,Humanities & Soc Science
No,Humanities & Soc Science
No,Humanities & Soc Science
Yes,Humanities & Soc Science
No,Humanities & Soc Science
No,Humanities & Soc Science
No,Humanities & Soc Science
Yes,Humanities & Soc Science
No,Humanities & Soc Science
Yes,Humanities & Soc Science
Yes,Humanities & Soc Science
Yes,Humanities & Soc Science
Yes,Humanities & Soc Science
No,Humanities & Soc Science
No,Humanities & Soc Science
Yes,Humanities & Soc Science
No,Humanities & Soc Science
Yes,Humanities & Soc Science
No,Humanities & Soc Science
Yes,Humanities & Soc Science
Yes,Humanities & Soc Science
No,Humanities & Soc Science
Yes,Humanities & Soc Science
Yes,Humanities & Soc Science
No,Humanities & Soc Science
Yes,Humanities & Soc Science
No,Humanities & Soc Science
Yes,Humanities & Soc Science
No,Humanities & Soc Science
No,Humanities & Soc Science
No,Humanities & Soc Science
Yes,Humanities & Soc Science
Yes,Humanities & Soc Science
Yes,Humanities & Soc Science
No,Humanities & Soc Science
Yes,Humanities & Soc Science
Yes,Humanities & Soc Science
No,Humanities & Soc Science
No,Humanities & Soc Science
Yes,Humanities & Soc Science
Yes,Humanities & Soc Science
Yes,Humanities & Soc Science
Yes,Humanities & Soc Science
Yes,Humanities & Soc Science
No,Humanities & Soc Science
Yes,Humanities & Soc Science
Yes,Humanities & Soc Science
No,Humanities & Soc Science
Yes,Humanities & Soc Science
Yes,Humanities & Soc Science
No,Humanities & Soc Science
No,Humanities & Soc Science
No,Humanities & Soc Science
Yes,Humanities & Soc Science
Yes,Humanities & Soc Science
No,Humanities & Soc Science
Yes,Humanities & Soc Science
No,Humanities & Soc Science
No,Humanities & Soc Science
Yes,Humanities & Soc Science
Yes,Humanities & Soc Science
Yes,Humanities & Soc Science
Yes,Humanities & Soc Science
Yes,Humanities & Soc Science
Yes,Humanities & Soc Science
No,Humanities & Soc Science
Yes,Humanities & Soc Science
No,Humanities & Soc Science
Yes,Humanities & Soc Science
Yes,Humanities & Soc Science
Yes,Humanities & Soc Science
Yes,Humanities & Soc Science
Yes,Humanities & Soc Science
No,Humanities & Soc Science
No,Humanities & Soc Science
Yes,Humanities & Soc Science
Yes,Humanities & Soc Science
Yes,Humanities & Soc Science
Yes,Humanities & Soc Science
Yes,Humanities & Soc Science
Yes,Humanities & Soc Science
Yes,Humanities & Soc Science
No,Humanities & Soc Science
Yes,Humanities & Soc Science
No,Humanities & Soc Science
Yes,Humanities & Soc Science
No,Humanities & Soc Science
No,Humanities & Soc Science
Yes,Humanities & Soc Science
Yes,Humanities & Soc Science
Yes,Humanities & Soc Science
No,Humanities & Soc Science
No,Humanities & Soc Science
Yes,Humanities & Soc Science
Yes,Humanities & Soc Science
Yes,Humanities & Soc Science
Yes,Humanities & Soc Science
Yes,Humanities & Soc Science
Yes,Humanities & Soc Science
Yes,Humanities & Soc Science
Yes,Humanities & Soc Science
Yes,Humanities & Soc Science
Yes,Humanities & Soc Science
Yes,Humanities & Soc Science
Yes,Humanities & Soc Science
No,Humanities & Soc Science
Yes,Humanities & Soc Science
Yes,Humanities & Soc Science
Yes,Humanities & Soc Science
No,Humanities & Soc Science
Yes,Humanities & Soc Science
No,Humanities & Soc Science
No,Humanities & Soc Science
No,Humanities & Soc Science
Yes,Humanities & Soc Science
No,Humanities & Soc Science
Yes,Humanities & Soc Science
Yes,Humanities & Soc Science
No,Humanities & Soc Science
No,Humanities & Soc Science
No,Humanities & Soc Science
No,Humanities & Soc Science
Yes,Humanities & Soc Science
Yes,Humanities & Soc Science
No,Humanities & Soc Science
No,Humanities & Soc Science
No,Humanities & Soc Science
Yes,Humanities & Soc Science
No,Humanities & Soc Science
No,Humanities & Soc Science
Yes,Humanities & Soc Science
No,Humanities & Soc Science
Yes,Humanities & Soc Science
No,Humanities & Soc Science
Yes,Humanities & Soc Science
No,Humanities & Soc Science
Yes,Humanities & Soc Science
Yes,Humanities & Soc Science
No,Humanities & Soc Science
Yes,Humanities & Soc Science
Yes,Humanities & Soc Science
Yes,Humanities & Soc Science
Yes,Humanities & Soc Science
Yes,Humanities & Soc Science
Yes,Humanities & Soc Science
Yes,Humanities & Soc Science
No,Humanities & Soc Science
No,Humanities & Soc Science
No,Humanities & Soc Science
Yes,Humanities & Soc Science
Yes,Humanities & Soc Science
Yes,Humanities & Soc Science
Yes,Humanities & Soc Science
Yes,Humanities & Soc Science
Yes,Humanities & Soc Science
No,Humanities & Soc Science
No,Humanities & Soc Science
No,Humanities & Soc Science
No,Humanities & Soc Science
Yes,Humanities & Soc Science
No,Humanities & Soc Science
Yes,Humanities & Soc Science
No,Humanities & Soc Science
Yes,Humanities & Soc Science
Yes,Humanities & Soc Science
Yes,Humanities & Soc Science
Yes,Humanities & Soc Science
Yes,Humanities & Soc Science
Yes,Humanities & Soc Science
Yes,Humanities & Soc Science
Yes,Humanities & Soc Science
Yes,Humanities & Soc Science
Yes,Humanities & Soc Science
Yes,Humanities & Soc Science
Yes,Humanities & Soc Science
Yes,Humanities & Soc Science
Yes,Humanities & Soc Science
Yes,Humanities & Soc Science
Yes,Humanities & Soc Science
Yes,Humanities & Soc Science
Yes,Humanities & Soc Science
Yes,Humanities & Soc Science
Yes,Humanities & Soc Science
Yes,Humanities & Soc Science
No,Humanities & Soc Science
Yes,Humanities & Soc Science
Yes,Humanities & Soc Science
Yes,Humanities & Soc Science
Yes,Humanities & Soc Science
No,Humanities & Soc Science
Yes,Humanities & Soc Science
Yes,Humanities & Soc Science
Yes,Humanities & Soc Science
Yes,Humanities & Soc Science
No,Humanities & Soc Science
Yes,Humanities & Soc Science
No,Humanities & Soc Science
Yes,Humanities & Soc Science
No,Humanities & Soc Science
Yes,Humanities & Soc Science
Yes,Humanities & Soc Science
No,Humanities & Soc Science
No,Humanities & Soc Science
Yes,Humanities & Soc Science
Yes,Humanities & Soc Science
No,Humanities & Soc Science
Yes,Humanities & Soc Science
No,Humanities & Soc Science
No,Humanities & Soc Science
Yes,Humanities & Soc Science
No,Humanities & Soc Science
No,Humanities & Soc Science
Yes,Humanities & Soc Science
Yes,Humanities & Soc Science
No,Humanities & Soc Science
No,Humanities & Soc Science
Yes,Humanities & Soc Science
Yes,Humanities & Soc Science
Yes,Humanities & Soc Science
Yes,Humanities & Soc Science
Yes,Humanities & Soc Science
No,Humanities & Soc Science
No,Humanities & Soc Science
Yes,Humanities & Soc Science
No,Humanities & Soc Science
No,Humanities & Soc Science
Yes,Humanities & Soc Science
No,Humanities & Soc Science
No,Humanities & Soc Science
No,Humanities & Soc Science
No,Humanities & Soc Science
Yes,Humanities & Soc Science
No,Humanities & Soc Science
No,Humanities & Soc Science
No,Humanities & Soc Science
Yes,Humanities & Soc Science
No,Humanities & Soc Science
Yes,Humanities & Soc Science
No,Humanities & Soc Science
No,Humanities & Soc Science
No,Humanities & Soc Science
No,Humanities & Soc Science
No,Humanities & Soc Science
Yes,Humanities & Soc Science
No,Humanities & Soc Science
No,Humanities & Soc Science
Yes,Humanities & Soc Science
Yes,Humanities & Soc Science
No,Humanities & Soc Science
No,Humanities & Soc Science
Yes,Humanities & Soc Science
Yes,Humanities & Soc Science
No,Humanities & Soc Science
No,Humanities & Soc Science
Yes,Humanities & Soc Science
Yes,Humanities & Soc Science
No,Humanities & Soc Science
Yes,Humanities & Soc Science
No,Humanities & Soc Science
Yes,Humanities & Soc Science
Yes,Humanities & Soc Science
No,Humanities & Soc Science
Yes,Humanities & Soc Science
Yes,Humanities & Soc Science
No,Humanities & Soc Science
Yes,Humanities & Soc Science
No,Humanities & Soc Science
No,Humanities & Soc Science
No,Humanities & Soc Science
No,Humanities & Soc Science
No,Humanities & Soc Science
Yes,Humanities & Soc Science
No,Humanities & Soc Science
No,Humanities & Soc Science
Yes,Humanities & Soc Science
No,Humanities & Soc Science
No,Humanities & Soc Science
Yes,Humanities & Soc Science
No,Humanities & Soc Science
No,Humanities & Soc Science
Yes,Humanities & Soc Science
No,Humanities & Soc Science
Yes,Humanities & Soc Science
Yes,Humanities & Soc Science
Yes,Humanities & Soc Science
Yes,Humanities & Soc Science
Yes,Humanities & Soc Science
Yes,Humanities & Soc Science
No,Humanities & Soc Science
No,Humanities & Soc Science
No,Humanities & Soc Science
Yes,Humanities & Soc Science
Yes,Humanities & Soc Science
Yes,Humanities & Soc Science
Yes,Humanities & Soc Science
Yes,Humanities & Soc Science
Yes,Humanities & Soc Science
No,Humanities & Soc Science
Yes,Humanities & Soc Science
No,Humanities & Soc Science
No,Humanities & Soc Science
Yes,Humanities & Soc Science
No,Humanities & Soc Science
No,Humanities & Soc Science
Yes,Humanities & Soc Science
No,Humanities & Soc Science
Yes,Humanities & Soc Science
No,Humanities & Soc Science
Yes,Humanities & Soc Science
Yes,Humanities & Soc Science
No,Humanities & Soc Science
No,Humanities & Soc Science
No,Humanities & Soc Science
Yes,Humanities & Soc Science
No,Humanities & Soc Science
Yes,Humanities & Soc Science
No,Humanities & Soc Science
No,Humanities & Soc Science
No,Humanities & Soc Science
Yes,Humanities & Soc Science
Yes,Humanities & Soc Science
Yes,Humanities & Soc Science
No,Humanities & Soc Science
No,Humanities & Soc Science
Yes,Humanities & Soc Science
Yes,Humanities & Soc Science
Yes,Humanities & Soc Science
Yes,Humanities & Soc Science
No,Humanities & Soc Science
Yes,Humanities & Soc Science
Yes,Humanities & Soc Science
Yes,Humanities & Soc Science
No,Humanities & Soc Science
No,Humanities & Soc Science
Yes,Humanities & Soc Science
Yes,Humanities & Soc Science
Yes,Humanities & Soc Science
Yes,Humanities & Soc Science
Yes,Humanities & Soc Science
Yes,Humanities & Soc Science
Yes,Humanities & Soc Science
No,Humanities & Soc Science
No,Humanities & Soc Science
No,Humanities & Soc Science
No,Humanities & Soc Science
Yes,Humanities & Soc Science
Yes,Humanities & Soc Science
Yes,Humanities & Soc Science
Yes,Humanities & Soc Science
Yes,Humanities & Soc Science
Yes,Humanities & Soc Science
Yes,Humanities & Soc Science
Yes,Humanities & Soc Science
No,Humanities & Soc Science
No,Humanities & Soc Science
No,Humanities & Soc Science
No,Humanities & Soc Science
No,Humanities & Soc Science
No,Humanities & Soc Science
No,Humanities & Soc Science
No,Humanities & Soc Science
No,Humanities & Soc Science
No,Humanities & Soc Science
No,Humanities & Soc Science
No,Humanities & Soc Science
No,Humanities & Soc Science
Yes,Humanities & Soc Science
Yes,Humanities & Soc Science
No,Humanities & Soc Science
No,Humanities & Soc Science
No,Humanities & Soc Science
No,Humanities & Soc Science
No,Humanities & Soc Science
Yes,Humanities & Soc Science
No,Humanities & Soc Science
Yes,Humanities & Soc Science
Yes,Humanities & Soc Science
Yes,Humanities & Soc Science
Yes,Humanities & Soc Science
Yes,Humanities & Soc Science
No,Humanities & Soc Science
No,Humanities & Soc Science
Yes,Humanities & Soc Science
No,Humanities & Soc Science
Yes,Humanities & Soc Science
Yes,Humanities & Soc Science
Yes,Humanities & Soc Science
Yes,Humanities & Soc Science
Yes,Humanities & Soc Science
Yes,Humanities & Soc Science
No,Humanities & Soc Science
Yes,Humanities & Soc Science
Yes,Humanities & Soc Science
Yes,Humanities & Soc Science
Yes,Humanities & Soc Science
Yes,Humanities & Soc Science
No,Humanities & Soc Science
Yes,Humanities & Soc Science
Yes,Humanities & Soc Science
Yes,Humanities & Soc Science
Yes,Humanities & Soc Science
Yes,Humanities & Soc Science
Yes,Humanities & Soc Science
Yes,Humanities & Soc Science
Yes,Humanities & Soc Science
Yes,Humanities & Soc Science
Yes,Humanities & Soc Science
Yes,Humanities & Soc Science
No,Humanities & Soc Science
Yes,Humanities & Soc Science
No,Humanities & Soc Science
No,Humanities & Soc Science
No,Humanities & Soc Science
No,Humanities & Soc Science
Yes,Humanities & Soc Science
No,Humanities & Soc Science
No,Humanities & Soc Science
No,Humanities & Soc Science
No,Humanities & Soc Science
No,Humanities & Soc Science
No,Humanities & Soc Science
No,Humanities & Soc Science
No,Humanities & Soc Science
No,Humanities & Soc Science
Yes,Humanities & Soc Science
No,Humanities & Soc Science
No,Humanities & Soc Science
No,Humanities & Soc Science
No,Humanities & Soc Science
Yes,Humanities & Soc Science
Yes,Humanities & Soc Science
Yes,Humanities & Soc Science
Yes,Humanities & Soc Science
Yes,Humanities & Soc Science
No,Humanities & Soc Science
Yes,Humanities & Soc Science
Yes,Humanities & Soc Science
No,Humanities & Soc Science
No,Humanities & Soc Science
No,Humanities & Soc Science
Yes,Humanities & Soc Science
No,Humanities & Soc Science
Yes,Humanities & Soc Science
Yes,Humanities & Soc Science
Yes,Humanities & Soc Science
No,Humanities & Soc Science
No,Humanities & Soc Science
No,Humanities & Soc Science
No,Humanities & Soc Science
No,Humanities & Soc Science
No,Humanities & Soc Science
Yes,Humanities & Soc Science
Yes,Humanities & Soc Science
Yes,Humanities & Soc Science
Yes,Humanities & Soc Science
Yes,Humanities & Soc Science
No,Humanities & Soc Science
Yes,Humanities & Soc Science
Yes,Humanities & Soc Science
Yes,Humanities & Soc Science
Yes,Humanities & Soc Science
No,Humanities & Soc Science
No,Humanities & Soc Science
Yes,Humanities & Soc Science
Yes,Humanities & Soc Science
Yes,Humanities & Soc Science
Yes,Humanities & Soc Science
Yes,Humanities & Soc Science
Yes,Humanities & Soc Science
Yes,Humanities & Soc Science
No,Humanities & Soc Science
Yes,Humanities & Soc Science
Yes,Humanities & Soc Science
Yes,Humanities & Soc Science
Yes,Humanities & Soc Science
No,Humanities & Soc Science
Yes,Humanities & Soc Science
Yes,Humanities & Soc Science
No,Humanities & Soc Science
Yes,Humanities & Soc Science
Yes,Humanities & Soc Science
Yes,Humanities & Soc Science
Yes,Humanities & Soc Science
Yes,Humanities & Soc Science
No,Humanities & Soc Science
Yes,Humanities & Soc Science
No,Humanities & Soc Science
No,Humanities & Soc Science
Yes,Humanities & Soc Science
No,Humanities & Soc Science
No,Humanities & Soc Science
Yes,Humanities & Soc Science
Yes,Humanities & Soc Science
Yes,Humanities & Soc Science
Yes,Humanities & Soc Science
No,Humanities & Soc Science
Yes,Humanities & Soc Science
No,Humanities & Soc Science
No,Humanities & Soc Science
Yes,Humanities & Soc Science
No,Humanities & Soc Science
No,Humanities & Soc Science
No,Humanities & Soc Science
No,Humanities & Soc Science
Yes,Humanities & Soc Science
No,Humanities & Soc Science
No,Humanities & Soc Science
No,Humanities & Soc Science
No,Humanities & Soc Science
Yes,Humanities & Soc Science
No,Humanities & Soc Science
No,Humanities & Soc Science
No,Humanities & Soc Science
No,Humanities & Soc Science
No,Humanities & Soc Science
No,Humanities & Soc Science
No,Humanities & Soc Science
No,Humanities & Soc Science
Yes,Humanities & Soc Science
No,Humanities & Soc Science
No,Humanities & Soc Science
Yes,Humanities & Soc Science
No,Humanities & Soc Science
Yes,Humanities & Soc Science
Yes,Humanities & Soc Science
Yes,Humanities & Soc Science
Yes,Humanities & Soc Science
Yes,Humanities & Soc Science
Yes,Humanities & Soc Science
Yes,Humanities & Soc Science
Yes,Humanities & Soc Science
Yes,Humanities & Soc Science
Yes,Humanities & Soc Science
Yes,Humanities & Soc Science
Yes,Humanities & Soc Science
Yes,Humanities & Soc Science
No,Humanities & Soc Science
No,Humanities & Soc Science
No,Humanities & Soc Science
No,Humanities & Soc Science
No,Humanities & Soc Science
No,Humanities & Soc Science
No,Humanities & Soc Science
No,Humanities & Soc Science
No,Humanities & Soc Science
No,Humanities & Soc Science
Yes,Humanities & Soc Science
No,Humanities & Soc Science
Yes,Humanities & Soc Science
No,Humanities & Soc Science
No,Humanities & Soc Science
No,Humanities & Soc Science
Yes,Humanities & Soc Science
No,Humanities & Soc Science
No,Humanities & Soc Science
No,Humanities & Soc Science
No,Humanities & Soc Science
Yes,Humanities & Soc Science
Yes,Humanities & Soc Science
Yes,Humanities & Soc Science
Yes,Humanities & Soc Science
Yes,Humanities & Soc Science
Yes,Humanities & Soc Science
No,Humanities & Soc Science
No,Humanities & Soc Science
No,Humanities & Soc Science
Yes,Humanities & Soc Science
Yes,Humanities & Soc Science
No,Humanities & Soc Science
No,Humanities & Soc Science
No,Humanities & Soc Science
No,Humanities & Soc Science
No,Humanities & Soc Science
Yes,Humanities & Soc Science
No,Humanities & Soc Science
Yes,Humanities & Soc Science
No,Humanities & Soc Science
No,Humanities & Soc Science
Yes,Humanities & Soc Science
No,Humanities & Soc Science
No,Humanities & Soc Science
Yes,Humanities & Soc Science
No,Humanities & Soc Science
No,Humanities & Soc Science
No,Humanities & Soc Science
No,Humanities & Soc Science
No,Humanities & Soc Science
Yes,Humanities & Soc Science
No,Humanities & Soc Science
No,Humanities & Soc Science
No,Humanities & Soc Science
Yes,Humanities & Soc Science
No,Humanities & Soc Science
No,Humanities & Soc Science
Yes,Humanities & Soc Science
Yes,Humanities & Soc Science
Yes,Humanities & Soc Science
Yes,Humanities & Soc Science
Yes,Humanities & Soc Science
No,Humanities & Soc Science
No,Humanities & Soc Science
No,Humanities & Soc Science
Yes,Humanities & Soc Science
Yes,Humanities & Soc Science
Yes,Humanities & Soc Science
Yes,Humanities & Soc Science
Yes,Humanities & Soc Science
Yes,Humanities & Soc Science
Yes,Humanities & Soc Science
Yes,Humanities & Soc Science
Yes,Humanities & Soc Science
Yes,Humanities & Soc Science
Yes,Humanities & Soc Science
Yes,Humanities & Soc Science
Yes,Humanities & Soc Science
Yes,Humanities & Soc Science
Yes,Humanities & Soc Science
Yes,Humanities & Soc Science
Yes,Humanities & Soc Science
Yes,Humanities & Soc Science
Yes,Humanities & Soc Science
Yes,Humanities & Soc Science
Yes,Humanities & Soc Science
Yes,Humanities & Soc Science
Yes,Humanities & Soc Science
Yes,Humanities & Soc Science
Yes,Humanities & Soc Science
Yes,Humanities & Soc Science
Yes,Humanities & Soc Science
Yes,Humanities & Soc Science
Yes,Humanities & Soc Science
Yes,Humanities & Soc Science
Yes,Humanities & Soc Science
Yes,Humanities & Soc Science
Yes,Humanities & Soc Science
Yes,Humanities & Soc Science
Yes,Humanities & Soc Science
Yes,Humanities & Soc Science
Yes,Humanities & Soc Science
Yes,Humanities & Soc Science
Yes,Humanities & Soc Science
Yes,Humanities & Soc Science
Yes,Humanities & Soc Science
Yes,Humanities & Soc Science
Yes,Humanities & Soc Science
Yes,Humanities & Soc Science
Yes,Humanities & Soc Science
Yes,Humanities & Soc Science
Yes,Humanities & Soc Science
Yes,Humanities & Soc Science
Yes,Humanities & Soc Science
Yes,Humanities & Soc Science
Yes,Humanities & Soc Science
Yes,Humanities & Soc Science
Yes,Humanities & Soc Science
Yes,Humanities & Soc Science
Yes,Humanities & Soc Science
Yes,Humanities & Soc Science
Yes,Humanities & Soc Science
Yes,Humanities & Soc Science
Yes,Humanities & Soc Science
Yes,Humanities & Soc Science
Yes,Humanities & Soc Science
Yes,Humanities & Soc Science
Yes,Humanities & Soc Science
Yes,Humanities & Soc Science
Yes,Humanities & Soc Science
Yes,Humanities & Soc Science
Yes,Humanities & Soc Science
Yes,Humanities & Soc Science
Yes,Humanities & Soc Science
Yes,Humanities & Soc Science
Yes,Humanities & Soc Science
Yes,Humanities & Soc Science
Yes,Humanities & Soc Science
Yes,Humanities & Soc Science
Yes,Humanities & Soc Science
Yes,Humanities & Soc Science
Yes,Humanities & Soc Science
Yes,Humanities & Soc Science
Yes,Humanities & Soc Science
Yes,Humanities & Soc Science
Yes,Humanities & Soc Science
Yes,Humanities & Soc Science
Yes,Humanities & Soc Science
Yes,Humanities & Soc Science
Yes,Humanities & Soc Science
Yes,Humanities & Soc Science
Yes,Humanities & Soc Science
Yes,Humanities & Soc Science
Yes,Humanities & Soc Science
Yes,Humanities & Soc Science
Yes,Humanities & Soc Science
Yes,Humanities & Soc Science
Yes,Humanities & Soc Science
Yes,Humanities & Soc Science
Yes,Humanities & Soc Science
Yes,Humanities & Soc Science
Yes,Humanities & Soc Science
Yes,Humanities & Soc Science
Yes,Humanities & Soc Science
Yes,Humanities & Soc Science
Yes,Humanities & Soc Science
Yes,Humanities & Soc Science
Yes,Humanities & Soc Science
Yes,Humanities & Soc Science
Yes,Humanities & Soc Science
Yes,Humanities & Soc Science
Yes,Humanities & Soc Science
Yes,Humanities & Soc Science
Yes,Humanities & Soc Science
Yes,Humanities & Soc Science
Yes,Humanities & Soc Science
Yes,Humanities & Soc Science
No,Humanities & Soc Science
No,Humanities & Soc Science
No,Humanities & Soc Science
No,Humanities & Soc Science
No,Humanities & Soc Science
No,Humanities & Soc Science
No,Humanities & Soc Science
Yes,Humanities & Soc Science
No,Humanities & Soc Science
No,Humanities & Soc Science
No,Humanities & Soc Science
No,Humanities & Soc Science
No,Humanities & Soc Science
No,Humanities & Soc Science
No,Humanities & Soc Science
Yes,Humanities & Soc Science
No,Humanities & Soc Science
No,Humanities & Soc Science
Yes,Humanities & Soc Science
No,Humanities & Soc Science
No,Humanities & Soc Science
No,Humanities & Soc Science
No,Humanities & Soc Science
No,Humanities & Soc Science
No,Humanities & Soc Science
No,Humanities & Soc Science
No,Humanities & Soc Science
No,Humanities & Soc Science
No,Humanities & Soc Science
No,Humanities & Soc Science
No,Humanities & Soc Science
No,Humanities & Soc Science
No,Humanities & Soc Science
Yes,Humanities & Soc Science
No,Humanities & Soc Science
No,Humanities & Soc Science
No,Humanities & Soc Science
No,Humanities & Soc Science
No,Humanities & Soc Science
No,Humanities & Soc Science
No,Humanities & Soc Science
Yes,Humanities & Soc Science
No,Humanities & Soc Science
No,Humanities & Soc Science
No,Humanities & Soc Science
No,Humanities & Soc Science
No,Humanities & Soc Science
No,Humanities & Soc Science
Yes,Humanities & Soc Science
Yes,Humanities & Soc Science
Yes,Humanities & Soc Science
No,Humanities & Soc Science
Yes,Humanities & Soc Science
Yes,Humanities & Soc Science
No,Humanities & Soc Science
Yes,Humanities & Soc Science
No,Humanities & Soc Science
No,Humanities & Soc Science
Yes,Humanities & Soc Science
Yes,Humanities & Soc Science
No,Humanities & Soc Science
No,Humanities & Soc Science
Yes,Humanities & Soc Science
Yes,Humanities & Soc Science
No,Humanities & Soc Science
No,Humanities & Soc Science
No,Humanities & Soc Science
Yes,Humanities & Soc Science
Yes,Humanities & Soc Science
No,Humanities & Soc Science
Yes,Humanities & Soc Science
No,Humanities & Soc Science
Yes,Humanities & Soc Science
No,Humanities & Soc Science
No,Humanities & Soc Science
No,Humanities & Soc Science
No,Humanities & Soc Science
No,Humanities & Soc Science
No,Humanities & Soc Science
No,Humanities & Soc Science
No,Humanities & Soc Science
Yes,Humanities & Soc Science
No,Humanities & Soc Science
No,Humanities & Soc Science
No,Humanities & Soc Science
No,Humanities & Soc Science
No,Humanities & Soc Science
No,Humanities & Soc Science
No,Humanities & Soc Science
No,Humanities & Soc Science
Yes,Humanities & Soc Science
No,Humanities & Soc Science
No,Humanities & Soc Science
No,Humanities & Soc Science
No,Humanities & Soc Science
No,Humanities & Soc Science
No,Humanities & Soc Science
No,Humanities & Soc Science
No,Humanities & Soc Science
No,Humanities & Soc Science
No,Humanities & Soc Science
No,Humanities & Soc Science
Yes,Humanities & Soc Science
No,Humanities & Soc Science
No,Humanities & Soc Science
Yes,Humanities & Soc Science
No,Humanities & Soc Science
No,Humanities & Soc Science
No,Humanities & Soc Science
No,Humanities & Soc Science
No,Humanities & Soc Science
No,Humanities & Soc Science
Yes,Humanities & Soc Science
No,Humanities & Soc Science
Yes,Humanities & Soc Science
No,Humanities & Soc Science
No,Humanities & Soc Science
No,Humanities & Soc Science
Yes,Humanities & Soc Science
No,Humanities & Soc Science
No,Humanities & Soc Science
No,Humanities & Soc Science
Yes,Humanities & Soc Science
No,Humanities & Soc Science
No,Humanities & Soc Science
No,Humanities & Soc Science
No,Humanities & Soc Science
No,Humanities & Soc Science
No,Humanities & Soc Science
No,Humanities & Soc Science
Yes,Humanities & Soc Science
Yes,Humanities & Soc Science
Yes,Humanities & Soc Science
Yes,Humanities & Soc Science
Yes,Humanities & Soc Science
Yes,Humanities & Soc Science
Yes,Humanities & Soc Science
Yes,Humanities & Soc Science
Yes,Humanities & Soc Science
Yes,Humanities & Soc Science
Yes,Humanities & Soc Science
Yes,Humanities & Soc Science
Yes,Humanities & Soc Science
Yes,Humanities & Soc Science
Yes,Humanities & Soc Science
Yes,Humanities & Soc Science
Yes,Humanities & Soc Science
Yes,Humanities & Soc Science
No,Humanities & Soc Science
Yes,Humanities & Soc Science
No,Humanities & Soc Science
Yes,Humanities & Soc Science
Yes,Humanities & Soc Science
No,Humanities & Soc Science
No,Humanities & Soc Science
Yes,Humanities & Soc Science
Yes,Humanities & Soc Science
Yes,Humanities & Soc Science
Yes,Humanities & Soc Science
Yes,Humanities & Soc Science
No,Humanities & Soc Science
Yes,Humanities & Soc Science
Yes,Humanities & Soc Science
Yes,Humanities & Soc Science
No,Humanities & Soc Science
Yes,Humanities & Soc Science
Yes,Humanities & Soc Science
No,Humanities & Soc Science
No,Humanities & Soc Science
Yes,Humanities & Soc Science
Yes,Humanities & Soc Science
Yes,Humanities & Soc Science
Yes,Humanities & Soc Science
No,Humanities & Soc Science
No,Humanities & Soc Science
No,Humanities & Soc Science
Yes,Humanities & Soc Science
No,Humanities & Soc Science
No,Humanities & Soc Science
No,Humanities & Soc Science
No,Humanities & Soc Science
No,Humanities & Soc Science
Yes,Humanities & Soc Science
No,Humanities & Soc Science
Yes,Humanities & Soc Science
Yes,Humanities & Soc Science
No,Humanities & Soc Science
No,Humanities & Soc Science
No,Humanities & Soc Science
No,Humanities & Soc Science
No,Humanities & Soc Science
No,Humanities & Soc Science
No,Humanities & Soc Science
Yes,Humanities & Soc Science
No,Humanities & Soc Science
Yes,Humanities & Soc Science
No,Humanities & Soc Science
Yes,Humanities & Soc Science
No,Humanities & Soc Science
No,Humanities & Soc Science
No,Humanities & Soc Science
No,Humanities & Soc Science
No,Humanities & Soc Science
Yes,Humanities & Soc Science
No,Humanities & Soc Science
Yes,Humanities & Soc Science
Yes,Humanities & Soc Science
No,Humanities & Soc Science
No,Humanities & Soc Science
Yes,Humanities & Soc Science
No,Humanities & Soc Science
No,Humanities & Soc Science